event,world_record,athlete,athlete_age,country,venu_location,record_date,distance,duration,gender
100 Meters,9.58,Usain Bolt,22,Jamaica,"Berlin, Germany",8/16/09,0.1,0.15966666666666668,M
200 Meters,19.19,Usain Bolt,22,Jamaica,"Berlin, Germany",8/20/09,0.2,0.31983333333333336,M
400 Meters,43.03,Wayde Van Niekerk,24,South Africa,"Rio de Janeiro, Brazil",8/14/16,0.4,0.7171666666666667,M
800 Meters,01:40.9,David Rudisha,23,Kenya,"London, Great Britain",8/9/12,0.8,1.6816666666666666,M
1000 Meters,02:12.0,Noah Ngeny,20,Kenya,"Rieti, Italy",9/5/99,1.0,2.2,M
1500 Meters,03:26.0,Hicham El Guerrouj,23,Morocco,"Rome, Italy",7/14/98,1.5,3.4333333333333336,M
2000 Meters,4:43.1,Jakob Ingebrigsten,22,Norway,"Brussels, Belgium",8/9/23,2.0,4.718333333333334,M
3000 Meters,07:17.6,Jakob Ingebrigsten,24,Norway,"Chorzów, Poland",25/8/24,3.0,7.293333333333333,M
5000 Meters,12:35.4,Joshua Cheptegei,23,Uganda,"Monaco, Monaco",8/14/20,5.0,12.59,M
10 Kilometers,26:11.0,Joshua Cheptegei,24,Uganda,"Valencia, Spain",10/7/20,10.0,26.183333333333334,M
Half Marathon,57:31.00,Jacob Kiplimo,21,Uganda,"Lisbon, Portugal",11/21/21,21.0975,57.516666666666666,M
Marathon,2:00:35,Kelvin Kiptum,24,Kenya,"Chicago, IL, USA",8/10/23,42.195,120.58333333333333,M
50 Kilometers,2:38:43,CJ Albertson,29,USA,"San Francisco, CA, USA",8/10/22,50.0,158.71666666666667,M
100 Kilometers,6:05:41,Aleksandr Sorokin,40,Lithuania,"Bedford, United Kingdom",4/23/22,100.0,365.68333333333334,M
100 Meters,10.49,Florence Griffith-Joyner,28,USA,"Indianapolis, IN, USA",7/16/88,0.1,0.17483333333333334,F
200 Meters,21.34,Florence Griffith-Joyner,28,USA,"Seoul, South Korea",9/29/88,0.2,0.3556666666666667,F
400 Meters,47.6,Marita Koch,28,East Germany,"Canberra, Australia",10/6/85,0.4,0.7933333333333333,F
800 Meters,01:53.3,Jarmila Kratochvílová,32,Czechoslovakia,"München, Germany",7/26/83,0.8,1.8883333333333332,F
1000 Meters,02:29.0,Svetlana Masterkova,28,Russia,"Bruxelles, Belgium",8/23/96,1.0,2.4833333333333334,F
1500 Meters,3:49.1,Faith Kipyegon,29,Kenya,"Firenze, Italy",6/2/23,1.5,3.8183333333333334,F
2000 Meters,05:19.7,Jessica Hull,28,Austrailia,Monaco,7/12/24,2.0,5.328333333333333,F
3000 Meters,08:06.1,Junxia Wang,20,China,"Beijing, China",9/13/93,3.0,8.101666666666667,F
5000 Meters,14:00.2,Gudaf Tsegay,26,Ethiopia,"Eugene, USA",9/17/23,5.0,14.003333333333334,F
10 Kilometers,28:46,Agnes Jebet Ngetich,23,Kenya,"Valencua, Spain",1/14/24,10.0,28.766666666666666,F
Half Marathon,1:02:52,Letesenbet Gidey,23,Ethiopia,"Valencia, Spain",10/24/21,21.0975,62.86666666666667,F
Marathon,2:09:56,Ruth Chepngetich,30,Kenya,"Chicago, IL, USA",10/13/24,42.195,129.93333333333334,F
50 Kilometers,2:59:54,Desiree Linden,37,USA,"Dorena Lake, OR, USA",4/13/21,50.0,179.9,F
100 Kilometers,6:33:11,Tomoe Abe,28,Japan,"Lake Saroma, Japan",6/25/00,100.0,393.18333333333334,F
